,category,product_url,product_name,model_no,brand,MRP,offer_price,save_percentage,EMI,delivery,warranty,return_policy
0,television,https://www.snapdeal.com/product/cinevista-cinevista-43-smart-10541/661092731406,"Cinevista 43"" SMART 109.22 cm ( 43 ) Smart Full HD (FHD) LED Television","43"" SMART",Cinevista,"MRP  Rs. 42,990  (Inclusive of all taxes)",Rs. 24041,44% OFF,EMI starts at Rs. 1142 /month.,Generally delivered in 7 - 11 days,1 year,7 Days Easy Returns
1,television,https://www.snapdeal.com/product/lg-43lj522t-103-cm-43/685568218455,LG 43LJ522T 103 cm ( 43 ) Full HD (FHD) LED Television,43LJ522T,LG,,Rs. 39000,,EMI starts at Rs. 1854 /month.,Generally delivered in 5 - 9 days,1,7 Days Easy Returns
2,television,https://www.snapdeal.com/product/zondag-na-109-cm-43/645969311482,ZONDAG na 109 cm ( 43 ) Smart Full HD (FHD) LED Television With 1+2 Year Extended Warranty,na,ZONDAG,"MRP  Rs. 38,990  (Inclusive of all taxes)",Rs. 22990,41% OFF,EMI starts at Rs. 1092 /month.,Generally delivered in 8 - 12 days,3,7 Days Easy Returns
3,television,https://www.snapdeal.com/product/eel-eeltv322021-80-cm-32/620166362050,EEL EELTV322021 80 cm ( 32 ) HD Ready (HDR) LED Television With 1+2 Year Extended Warranty,EELTV322021,EEL,"MRP  Rs. 19,500  (Inclusive of all taxes)",Rs. 12900,34% OFF,EMI starts at Rs. 613 /month.,Generally delivered in 11 - 15 days,2,7 Days Easy Returns
4,television,https://www.snapdeal.com/product/tailos-1920-x-1080-80/662708751462#bcrumbLabelId:64,Tailos ( 1920 x 1080 ) 80 cm ( 32 ) Ultra HD (4K) LED Television,( 1920 x 1080 ),Tailos,"MRP  Rs. 22,899  (Inclusive of all taxes)",Rs. 18959,17% OFF,EMI starts at Rs. 901 /month.,Generally delivered in 7 - 11 days,1,7 Days Easy Returns
5,television,https://www.snapdeal.com/product/cohoes-lthd24-609-cm-24/642768358230#bcrumbLabelId:64,Cohoes LTHD24 60.9 cm ( 24 ) HD Plus LED Television,LTHD24,Cohoes,"MRP  Rs. 16,500  (Inclusive of all taxes)",Rs. 12000,27% OFF,EMI starts at Rs. 570 /month.,Generally delivered in 7 - 11 days,1,7 Days Easy Returns
6,television,https://www.snapdeal.com/product/destine-ds32sm21-81-cm-32/649018596904,destine DS32SM-21 81 cm ( 32 ) Full HD (FHD) LED Television,DS32SM-21,destine,"MRP  Rs. 21,000  (Inclusive of all taxes)",Rs. 14999,29% OFF,EMI starts at Rs. 713 /month.,Generally delivered in 9 - 13 days,1,7 Days Easy Returns
7,television,https://www.snapdeal.com/product/lg-43lk5260pta-108-cm-full/648656454508,LG 43LK5260PTA 108 cm ( 43 ) Full HD (FHD) LED Television,43LK5260PTA,LG,"MRP  Rs. 44,990  (Inclusive of all taxes)",Rs. 32884,27% OFF,EMI starts at Rs. 1563 /month.,Generally delivered in 5 - 9 days,1,7 Days Easy Returns
8,television,https://www.snapdeal.com/product/ever-home-appliances-x1-60/674115267102,EVER HOME APPLIANCES X1 60 cm ( 24 ) HD Ready (HDR) LED Television With 1+2 Year Extended Warranty,X1,EVER HOME APPLIANCES,,Rs. 12999,,EMI starts at Rs. 618 /month.,Generally delivered in 7 - 11 days,1+2,7 Days Easy Returns
9,television,https://www.snapdeal.com/product/lg-43uk6560ptc-108-cm-ultra/640548058742#bcrumbLabelId:64,LG 43UK6560PTC 108 cm ( ) Ultra HD (4K) LED Television,43UK6560PTC,LG,"MRP  Rs. 71,990  (Inclusive of all taxes)",Rs. 51649,28% OFF,EMI starts at Rs. 2455 /month.,Generally delivered in 5 - 9 days,1,7 Days Easy Returns
10,television,https://www.snapdeal.com/product/destine-ds32hd21-80-cm-32/638145425946,destine DS-32HD21 80 cm ( 32 ) Full HD (FHD) LED Television,DS-32HD21,destine,"MRP  Rs. 16,999  (Inclusive of all taxes)",Rs. 15500,9% OFF,EMI starts at Rs. 736 /month.,Generally delivered in 9 - 13 days,2,7 Days Easy Returns
11,television,https://www.snapdeal.com/product/bravieo-32gl51-unbreakable-80-cm/663694727900,Bravieo 32GL51 UNBREAKABLE 80 cm ( 32 ) Full HD (FHD) LED Television With 1+2 Year Extended Warranty,32GL51 UNBREAKABLE,Bravieo,"MRP  Rs. 28,500  (Inclusive of all taxes)",Rs. 17990,37% OFF,EMI starts at Rs. 855 /month.,Generally delivered in 7 - 11 days,1,7 Days Easy Returns
12,television,https://www.snapdeal.com/product/iwi-iwi-50inch-4k-led/661720414705,Iwi iwi 50inch 4k led 127 cm ( 50 ) Smart Ultra HD (4K) LED Television With 1+2 Year Extended Warranty,iwi 50inch 4k led,Iwi,"MRP  Rs. 53,000  (Inclusive of all taxes)",Rs. 39990,25% OFF,EMI starts at Rs. 1901 /month.,Generally delivered in 7 - 11 days,3,7 Days Easy Returns
13,television,https://www.snapdeal.com/product/destine-ds32hd21-81-cm-32/660973715821,destine DS-32HD-21 81 cm ( 32 ) Full HD (FHD) LED Television,DS-32HD-21,destine,"MRP  Rs. 19,000  (Inclusive of all taxes)",Rs. 14000,26% OFF,EMI starts at Rs. 665 /month.,Generally delivered in 9 - 13 days,1,7 Days Easy Returns
14,television,https://www.snapdeal.com/product/samsung-ua32n4000ar-8128-cm-smart/669923551459,Samsung UA32N4000AR 81.28 cm (32 Inches) Smart HD Ready (HDR) LED Television,UA32N4000AR,Warranty,"MRP  Rs. 25,900  (Inclusive of all taxes)",Rs. 21701,16% OFF,EMI starts at Rs. 1031 /month.,Generally delivered in 7 - 11 days,1 Year Brand Warranty,7 Days Easy Returns
15,television,https://www.snapdeal.com/product/lg-43uj652t-108-cm-43/668567965936,LG 43UJ652T 108 cm ( 43 ) Ultra HD (4K) LED Television,43UJ652T,LG,"MRP  Rs. 74,990  (Inclusive of all taxes)",Rs. 68653,8% OFF,EMI starts at Rs. 3263 /month.,Generally delivered in 6 - 10 days,1,7 Days Easy Returns
16,television,https://www.snapdeal.com/product/intex-led-5500-uhd-smt/632418919593,Intex LED 5500 UHD SMT 139 cm ( 55 ) Ultra HD (4K) LED Television,LED 5500 UHD SMT,Intex,"MRP  Rs. 78,990  (Inclusive of all taxes)",Rs. 62686,21% OFF,EMI starts at Rs. 2980 /month.,Generally delivered in 9 - 13 days,3,7 Days Easy Returns
17,television,https://www.snapdeal.com/product/activa-act32-smart-80-cm/662384079103#bcrumbLabelId:64,Activa ACT-32 SMART ANDROID 80 cm ( 32 ) Smart Full HD (FHD) LED Television With 1+1 Year Extended Warranty,ACT-32 SMART ANDROID,Activa,"MRP  Rs. 23,990  (Inclusive of all taxes)",Rs. 10890,55% OFF,EMI starts at Rs. 517 /month.,Generally delivered in 4 - 8 days,1,7 Days Easy Returns
18,television,https://www.snapdeal.com/product/intex-led3216-81-cm-32/637184242382#bcrumbLabelId:64,Intex 3226 80 cm (32) HD Ready LED Television With 1+2 Year Extended Warranty,Null,Null,"MRP  Rs. 23,900  (Inclusive of all taxes)",Rs. 9998,58% OFF,EMI starts at Rs. 475 /month.,Generally delivered in 8 - 12 days,Null,7 Days Easy Returns
19,television,https://www.snapdeal.com/product/sony-kd43x7002f-108-cm-43/680791186213,Sony KD-43X7002F 108 cm ( 43 ) Ultra HD (4K) LED Television With 1+1 Year Extended Warranty,KD-43X7002F,Sony,"MRP  Rs. 72,990  (Inclusive of all taxes)",Rs. 68950,6% OFF,EMI starts at Rs. 3278 /month.,Generally delivered in 7 - 11 days,1,7 Days Easy Returns
20,television,https://www.snapdeal.com/product/global-emart-gem-gem-smart/648662174695,GLOBAL E-MART GEM GEM SMART 4K 01101 138 cm ( 55 ) Ultra HD (4K) LED Television,GEM SMART 4K 01101,GLOBAL E-MART GEM,"MRP  Rs. 32,000  (Inclusive of all taxes)",Rs. 28000,13% OFF,EMI starts at Rs. 1331 /month.,Generally delivered in 7 - 11 days,1,7 Days Easy Returns
21,television,https://www.snapdeal.com/product/lg-49uh650t-123-cm-49/668861554955,LG 49UH650T 123 cm ( 49 ) Ultra HD (4K) Smart LED Television,49UH650T,LG,"MRP  Rs. 99,000  (Inclusive of all taxes)",Rs. 96131,3% OFF,EMI starts at Rs. 4570 /month.,Generally delivered in 6 - 10 days,1,7 Days Easy Returns
22,television,https://www.snapdeal.com/product/raksun-rsun24n-60-cm-24/674605351712,RAKSUN RSUN24N 60 cm ( 24 ) Full HD (FHD) LED Television,RSUN24N,RAKSUN,"MRP  Rs. 12,990  (Inclusive of all taxes)",Rs. 7100,45% OFF,EMI starts at Rs. 337 /month.,Generally delivered in 8 - 12 days,ONE YEAR,7 Days Easy Returns
23,television,https://www.snapdeal.com/product/lg-43lk5760pta-108-cm-full/652941481864,LG 43LK5760PTA 108 cm ( ) Full HD (FHD) LED Television,43LK5760PTA,LG,"MRP  Rs. 59,990  (Inclusive of all taxes)",Rs. 41016,32% OFF,EMI starts at Rs. 1949 /month.,Generally delivered in 5 - 9 days,1,Null
24,television,https://www.snapdeal.com/product/son-y-bravia-139-cm/647754811016#bcrumbLabelId:64,son y Bravia 139 cm ( 55 ) Ultra HD (4K) LED Television,Bravia,son y,"MRP  Rs. 1,24,999  (Inclusive of all taxes)",Rs. 93082,26% OFF,EMI starts at Rs. 4425 /month.,Generally delivered in 5 - 8 days,1,7 Days Easy Returns
25,television,https://www.snapdeal.com/product/destine-ds24hd21-6096-cm-24/684878519467#bcrumbLabelId:64,destine DS-24HD21 60.96 cm ( 24 ) HD Ready (HDR) LED Television,DS-24HD21,destine,"MRP  Rs. 19,000  (Inclusive of all taxes)",Rs. 11000,42% OFF,EMI starts at Rs. 522 /month.,Generally delivered in 9 - 13 days,1,7 Days Easy Returns
26,television,https://www.snapdeal.com/product/bravieo-55j6500b-4k-gaming-140/685621413171,Bravieo 55J6500B 4K Gaming 140 cm ( 55 ) Smart Ultra HD (4K) LED Television With 1+2 Year Extended Warranty,55J6500B 4K Gaming,Bravieo,"MRP  Rs. 98,999  (Inclusive of all taxes)",Rs. 62044,37% OFF,EMI starts at Rs. 2949 /month.,Generally delivered in 7 - 11 days,1,7 Days Easy Returns
27,television,https://www.snapdeal.com/product/vu-43-cinema-3-years/636418552666,Vu 43 Cinema 3 Years 108 cm ( 43 ) Ultra HD (4K) LED Television,43 Cinema 3 Years,Vu,"MRP  Rs. 37,999  (Inclusive of all taxes)",Rs. 36890,3% OFF,EMI starts at Rs. 1753 /month.,Generally delivered in 6 - 10 days,3,7 Days Easy Returns
28,television,https://www.snapdeal.com/product/b2x-india-4008-927-cm/628141674806,B2X INDIA 4008 92.7 cm ( 40 ) Full HD (FHD) LED Television,4008,B2X INDIA,"MRP  Rs. 29,990  (Inclusive of all taxes)",Rs. 22582,25% OFF,EMI starts at Rs. 1073 /month.,Generally delivered in 7 - 11 days,1 year,7 Days Easy Returns
29,television,https://www.snapdeal.com/product/electrino-gee19hdr-48-cm-19/661310320942,electrino GEE19HDR 48 cm ( 19 ) HD Ready (HDR) LED Television,GEE19HDR,electrino,"MRP  Rs. 10,000  (Inclusive of all taxes)",Rs. 5750,43% OFF,EMI starts at Rs. 273 /month.,Generally delivered in 5 - 9 days,1,7 Days Easy Returns
30,television,https://www.snapdeal.com/product/samsung-ua55nu7470u-1397-cm-smart/662596606497,Samsung UA55NU7470U 139.7 cm (55 Inches) Smart Ultra HD (4K) LED Television,UA55NU7470U,Warranty,"MRP  Rs. 1,45,441  (Inclusive of all taxes)",Rs. 118000,19% OFF,EMI starts at Rs. 5609 /month.,Generally delivered in 7 - 11 days,1 Year Brand Warranty,7 Days Easy Returns
31,television,https://www.snapdeal.com/product/lg-55uk6360pte-139-cm-ultra/632237886056#bcrumbLabelId:64,LG 55UK6360PTE 139 cm ( ) Ultra HD (4K) LED Television,55UK6360PTE,LG,"MRP  Rs. 1,05,990  (Inclusive of all taxes)",Rs. 67842,36% OFF,EMI starts at Rs. 3225 /month.,Generally delivered in 5 - 9 days,1,Null
32,television,https://www.snapdeal.com/product/tailos-1920x1080-100-cm-43/660287470174,Tailos 1920x1080 100 cm ( 43 ) Ultra HD (4K) LED Television,1920x1080,Tailos,"MRP  Rs. 39,000  (Inclusive of all taxes)",Rs. 28589,27% OFF,EMI starts at Rs. 1359 /month.,Generally delivered in 7 - 11 days,1,7 Days Easy Returns
33,television,https://www.snapdeal.com/product/lg-49uk7500pta-123-cm-ultra/660759982734,LG 49UK7500PTA 123 cm ( ) Ultra HD (4K) LED Television,49UK7500PTA,LG,"MRP  Rs. 1,25,990  (Inclusive of all taxes)",Rs. 70881,44% OFF,EMI starts at Rs. 3369 /month.,Generally delivered in 5 - 9 days,1,7 Days Easy Returns
34,television,https://www.snapdeal.com/product/bravieo-klv50j5500b-smatr-122-cm/632258820912,Bravieo KLV-50J5500B SMATR 122 cm ( 49 ) Smart Full HD (FHD) LED Television,KLV-50J5500B SMATR,Bravieo,"MRP  Rs. 89,300  (Inclusive of all taxes)",Rs. 52245,41% OFF,EMI starts at Rs. 2483 /month.,Generally delivered in 7 - 11 days,1,7 Days Easy Returns
35,television,https://www.snapdeal.com/product/cohoes-ltsm321000-80-cm-32/623807747119#bcrumbLabelId:64,Cohoes LTSM32-1000 80 cm ( 32 ) Full HD (FHD) LED Television,LTSM32-1000,Cohoes,"MRP  Rs. 25,550  (Inclusive of all taxes)",Rs. 18900,26% OFF,EMI starts at Rs. 898 /month.,Generally delivered in 7 - 11 days,1,7 Days Easy Returns
36,television,https://www.snapdeal.com/product/hyq-hyq-43inch-109-cm/656865948648,hyq HYQ 43INCH 109 cm ( 43 ) Smart Full HD (FHD) LED Television With 1+2 Year Extended Warranty,HYQ 43INCH,hyq,"MRP  Rs. 29,999  (Inclusive of all taxes)",Rs. 21999,27% OFF,EMI starts at Rs. 1045 /month.,Generally delivered in 6 - 10 days,3,7 Days Easy Returns
37,television,https://www.snapdeal.com/product/cinevista-cinevista-50-smart-12319/640245214099,Cinevista CINEVISTA 50 SMART 127 cm ( 50 ) Smart Ultra HD (4K) LED Television,CINEVISTA 50 SMART,Cinevista,"MRP  Rs. 62,990  (Inclusive of all taxes)",Rs. 32073,49% OFF,EMI starts at Rs. 1524 /month.,Generally delivered in 7 - 11 days,1 YEAR,7 Days Easy Returns
38,television,https://www.snapdeal.com/product/destine-ds50smsb21-127-cm-50/671742945291,destine DS-50SMSB21 127 cm ( 50 ) Ultra HD (4K) LED Television,DS-50SMSB21,destine,"MRP  Rs. 49,000  (Inclusive of all taxes)",Rs. 27223,44% OFF,EMI starts at Rs. 1294 /month.,Generally delivered in 9 - 13 days,2,7 Days Easy Returns
39,television,https://www.snapdeal.com/product/electrino-gee32hdr-81-cm-32/664167035852,electrino GEE32HDR 81 cm ( 32 ) HD Ready (HDR) LED Television,GEE32HDR,electrino,"MRP  Rs. 25,000  (Inclusive of all taxes)",Rs. 14998,40% OFF,EMI starts at Rs. 713 /month.,Generally delivered in 5 - 9 days,1,7 Days Easy Returns
40,television,https://www.snapdeal.com/product/destine-ds32smfl21-80-cm-32/679907012825,destine DS-32SMFL21 80 cm ( 32 ) HD Ready (HDR) LED Television,DS-32SMFL21,destine,"MRP  Rs. 19,800  (Inclusive of all taxes)",Rs. 15000,24% OFF,EMI starts at Rs. 713 /month.,Generally delivered in 9 - 13 days,2,7 Days Easy Returns
41,television,https://www.snapdeal.com/product/hisense-55a71f-3-years-139/647171179566,HISENSE 55A71F 3 Years 139 cm ( 55 ) Ultra HD (4K) LED Television,55A71F 3 Years,HISENSE,"MRP  Rs. 49,990  (Inclusive of all taxes)",Rs. 42490,15% OFF,EMI starts at Rs. 2020 /month.,Generally delivered in 6 - 10 days,3,7 Days Easy Returns
42,television,https://www.snapdeal.com/product/zondag-zdrtk-0032s-80-cm/631024393038#bcrumbLabelId:64,ZONDAG ZD-RTK 0032S 80 cm ( 32 ) Smart HD Ready (HDR) LED Television With 1+2 Year Extended Warranty,ZD-RTK 0032S,ZONDAG,"MRP  Rs. 19,000  (Inclusive of all taxes)",Rs. 13490,29% OFF,EMI starts at Rs. 641 /month.,Generally delivered in 8 - 12 days,ONE/THREE,7 Days Easy Returns
43,television,https://www.snapdeal.com/product/micromax-40z3420fhd-1016-cm-40/686385840315#bcrumbLabelId:64,Micromax 40Z3420/40A6300FHD 101 cm ( 40 ) Full HD (FHD) LED Television,40Z3420/40A6300FHD,service team can take upto 3 to 4 business days after your request for installation of the product,"MRP  Rs. 39,990  (Inclusive of all taxes)",Rs. 18999,52% OFF,EMI starts at Rs. 903 /month.,Generally delivered in 8 - 12 days,1,7 Days Easy Returns
44,television,https://www.snapdeal.com/product/cinevista-cinevista55sm-1397-cm-55/627441278884,Cinevista CINEVISTA55SM 139.7 cm ( 55 ) Smart Ultra HD (4K) LED Television With 1+2 Year Extended Warranty,CINEVISTA55SM,Cinevista,"MRP  Rs. 94,900  (Inclusive of all taxes)",Rs. 44002,54% OFF,EMI starts at Rs. 2091 /month.,Generally delivered in 7 - 11 days,1,7 Days Easy Returns
45,television,https://www.snapdeal.com/product/bravieo-klv43j6500b-108-cm-43/649798797490,Bravieo KLV-43J6500B 108 cm ( 43 ) Smart Ultra HD (4K) LED Television With 1+2 Year Extended Warranty,KLV-43J6500B,Bravieo,"MRP  Rs. 52,000  (Inclusive of all taxes)",Rs. 39038,25% OFF,EMI starts at Rs. 1855 /month.,Generally delivered in 7 - 11 days,1 YEAR BRAVIEO WARRENTY,7 Days Easy Returns
46,television,https://www.snapdeal.com/product/destine-ds55sm21-138-cm-55/650660707467#bcrumbLabelId:64,destine DS-55SM21 138 cm ( 55 ) Ultra HD (4K) LED Television,DS-55SM21,destine,"MRP  Rs. 52,000  (Inclusive of all taxes)",Rs. 38000,27% OFF,EMI starts at Rs. 1806 /month.,Generally delivered in 9 - 13 days,2,7 Days Easy Returns
47,television,https://www.snapdeal.com/product/vu-55-pm-3years-126/654211314740,Vu 50 PM 3years 126 cm ( 50 ) Ultra HD (4K) LED Television,50 PM 3years,Vu,"MRP  Rs. 48,000  (Inclusive of all taxes)",Rs. 42690,11% OFF,EMI starts at Rs. 2029 /month.,Generally delivered in 6 - 10 days,3,Null
48,television,https://www.snapdeal.com/product/destine-des43sm-109-cm-43/637438969355,destine DES43SM 109 cm ( 43 ) Ultra HD (4K) LED Television,DES43SM,destine,"MRP  Rs. 32,000  (Inclusive of all taxes)",Rs. 29000,9% OFF,EMI starts at Rs. 1378 /month.,Generally delivered in 9 - 13 days,1,7 Days Easy Returns
49,television,https://www.snapdeal.com/product/iwi-iwi43s-109-cm-43/673930149293,Iwi iwi43s 109 cm ( 43 ) Ultra HD (4K) LED Television,iwi43s,Iwi,"MRP  Rs. 39,999  (Inclusive of all taxes)",Rs. 23500,41% OFF,EMI starts at Rs. 1117 /month.,Generally delivered in 7 - 11 days,3,7 Days Easy Returns
50,television,https://www.snapdeal.com/product/destine-destine32smart-8128-cm-32/659648747137#bcrumbLabelId:64,destine DS32SM-21 81.28 cm ( 32 ) Smart Ultra HD (4K) LED Television With 1+1 Year Extended Warranty,DS32SM-21,destine,"MRP  Rs. 22,000  (Inclusive of all taxes)",Rs. 15945,28% OFF,EMI starts at Rs. 758 /month.,Generally delivered in 9 - 13 days,1,7 Days Easy Returns
51,television,https://www.snapdeal.com/product/zondag-zd0032-80-cm-32/666885621234,ZONDAG ZD-0032 80 cm ( 32 ) HD Ready (HDR) LED Television With 1+2 Year Extended Warranty,ZD-0032,ZONDAG,"MRP  Rs. 17,000  (Inclusive of all taxes)",Rs. 11490,32% OFF,EMI starts at Rs. 546 /month.,Generally delivered in 8 - 12 days,ONE/THREE,7 Days Easy Returns
52,television,https://www.snapdeal.com/product/vu-vu-55-ut-139/660049383612,Vu 55 UT 3 Years 139 cm ( 55 ) Ultra HD (4K) LED Television,55 UT 3 Years,Vu,"MRP  Rs. 60,000  (Inclusive of all taxes)",Rs. 48590,19% OFF,EMI starts at Rs. 2310 /month.,Generally delivered in 6 - 10 days,3,7 Days Easy Returns
53,television,https://www.snapdeal.com/product/samsang-49m5100-124-cm-49/633625667158,Samsang 49M5100 124 cm ( 49 ) HD Ready (HDR) LED Television,49M5100,Samsang,"MRP  Rs. 71,500  (Inclusive of all taxes)",Rs. 70693,1% OFF,EMI starts at Rs. 3360 /month.,Generally delivered in 9 - 13 days,1,7 Days Easy Returns
54,television,https://www.snapdeal.com/product/sony-32r302d-81-cm-32/655020755650,Sony 32R302D 81 cm ( 32 ) HD Ready (HDR) LED Television,32R302D,Sony,"MRP  Rs. 26,900  (Inclusive of all taxes)",Rs. 24534,9% OFF,EMI starts at Rs. 1166 /month.,Generally delivered in 5 - 9 days,2,7 Days Easy Returns
55,television,https://www.snapdeal.com/product/lg-32lk628bptf-80-cm-hd/664373719300#bcrumbLabelId:64,LG 32LK628BPTF 80 cm ( ) HD Ready (HDR) LED Television,32LK628BPTF,LG,"MRP  Rs. 38,990  (Inclusive of all taxes)",Rs. 28347,27% OFF,EMI starts at Rs. 1347 /month.,Generally delivered in 5 - 9 days,1,7 Days Easy Returns
56,television,https://www.snapdeal.com/product/destine-destine-42smart-10668-cm/646123617850,destine DS-42-SM-21 106.68 cm ( 42 ) Ultra HD (4K) LED Television With 1+1 Year Extended Warranty,DS-42-SM-21,destine,"MRP  Rs. 29,500  (Inclusive of all taxes)",Rs. 20841,29% OFF,EMI starts at Rs. 990 /month.,Generally delivered in 9 - 13 days,1,7 Days Easy Returns
57,television,https://www.snapdeal.com/product/electrino-gee17hdr-43-cm-17/635157469841,electrino GEE17HDR 43 cm ( 17 ) HD Ready (HDR) LED Television,GEE17HDR,electrino,"MRP  Rs. 11,000  (Inclusive of all taxes)",Rs. 4999,55% OFF,Null,Generally delivered in 5 - 9 days,1,7 Days Easy Returns
58,television,https://www.snapdeal.com/product/electrino-gee24hdr-61-cm-24/640576601825,electrino GEE24HDR 61 cm ( 24 ) HD Ready (HDR) LED Television,GEE24HDR,electrino,"MRP  Rs. 20,000  (Inclusive of all taxes)",Rs. 10400,48% OFF,EMI starts at Rs. 494 /month.,Generally delivered in 5 - 9 days,1,7 Days Easy Returns
59,television,https://www.snapdeal.com/product/lloyd-tv-l39fn-99-cm/632428781587,LLOYD TV L39FN 99 cm ( 39 ) HD Ready (HDR) LED Television,L39FN,LLOYD TV,"MRP  Rs. 32,990  (Inclusive of all taxes)",Rs. 25000,24% OFF,EMI starts at Rs. 1188 /month.,Generally delivered in 6 - 9 days,1,7 Days Easy Returns
60,television,https://www.snapdeal.com/product/bravieo-50j6500b-2k-dislay-124/626553434471,Bravieo 50j6500B 2K Dislay 124 cm ( 50 ) Smart Full HD (FHD) LED Television With 1+2 Year Extended Warranty,50j6500B 2K Dislay,Bravieo,"MRP  Rs. 69,000  (Inclusive of all taxes)",Rs. 44000,36% OFF,EMI starts at Rs. 2091 /month.,Generally delivered in 7 - 11 days,1,7 Days Easy Returns
61,television,https://www.snapdeal.com/product/destine-destine-40smart-1016-cm/671311014645#bcrumbLabelId:64,destine destine 40smart 101.6 cm ( 40 ) Ultra HD (4K) LED Television,destine 40smart,destine,"MRP  Rs. 31,000  (Inclusive of all taxes)",Rs. 18999,39% OFF,EMI starts at Rs. 903 /month.,Generally delivered in 9 - 13 days,1,7 Days Easy Returns
62,television,https://www.snapdeal.com/product/lloyd-l49fn2s-123-cm-49/621450761990,Lloyd L49FN2S 123 cm ( 49 ) Full HD (FHD) LED Television,L49FN2S,Lloyd,"MRP  Rs. 59,990  (Inclusive of all taxes)",Rs. 41899,30% OFF,EMI starts at Rs. 1991 /month.,Generally delivered in 6 - 9 days,3,7 Days Easy Returns
63,television,https://www.snapdeal.com/product/haier-le55b9500u-139-cm-55/627977555293#bcrumbLabelId:64,Haier LE55B9500U 139 cm ( 55 ) Ultra HD (4K) LED Television,LE55B9500U,Haier,"MRP  Rs. 69,990  (Inclusive of all taxes)",Rs. 53490,24% OFF,EMI starts at Rs. 2543 /month.,Generally delivered in 9 - 13 days,1,7 Days Easy Returns
64,television,https://www.snapdeal.com/product/destine-43smfl1-black-108-cm/669417433446#bcrumbLabelId:64,destine 43-SM-FL-1 (Black) 108 cm ( 43 ) Smart HD Ready (HDR) LED Television With 1+1 Year Extended Warranty,43-SM-FL-1 (Black),destine,"MRP  Rs. 32,000  (Inclusive of all taxes)",Rs. 19939,38% OFF,EMI starts at Rs. 947 /month.,Generally delivered in 9 - 13 days,1,7 Days Easy Returns
