,category_link,prod_link,prod_name,stars,ratings_reviews,offer_price,prod_mrp,discount,currency,cashback,promocode,cashback_more,product_code,model_id,warranty,seller_name
0,https://paytmmall.com/shop/search?q=tv&from=organic&child_site_id=6&site_id=2&category=24843,https://paytmmall.com/samsung-32-32n4000-hd-ready-hd-plus-led-tv-CMPLXLARSAMSUNG-32-3DUMM202567760B962-pdp?product_id=201541190&sid=3a80ebbc-7c54-4840-a2c5-184048026725&src=consumer_search&svc=-1&cid=24843&tracker=organic%7C%7Ctv%7Cgrid%7CSearch_experimentName%3Ddemographics_location%23NA%7C%7C1%7Cdemographics_location%23NA&get_review_id=189875875&site_id=2&child_site_id=6,Samsung 80 cm (32 inch) HD Ready LED TV - 32N4000,4.5/5,4 Ratings,"14,999",23500,36%,INR,1850,MALLBONANZA,"User gets Movie voucher, Flight voucher, Paytm First voucher, Bus voucher and Big Bazaar voucher worth Rs.1,850 on orders above Rs.1849.",LARSAMSUNG-81-2SAMS23151127979CB9,32N4000,1 year manufacturer warranty,Mohanji Electronics
1,https://paytmmall.com/shop/search?q=tv&from=organic&child_site_id=6&site_id=2&category=24843,https://paytmmall.com/lg-smart-80-cm-32-inch-full-hd-led-tv-32lm576bptc-CMPLXLARLG-80-CM-32-DUMM20256FF04C15A-pdp?product_id=290225634&sid=3a80ebbc-7c54-4840-a2c5-184048026725&src=consumer_search&svc=-1&cid=24843&tracker=organic%7C%7Ctv%7Cgrid%7CSearch_experimentName%3Ddemographics_location%23NA%7C%7C2%7Cdemographics_location%23NA&get_review_id=254706100&site_id=2&child_site_id=6,LG Smart 80 cm (32 inch) Full HD LED TV - 32LM576BPTC,3.5/5,6 Ratings & 1 Reviews,"19,990",22990,13%,INR,1850,MALLBONANZA,"User gets Movie voucher, Flight voucher, Paytm First voucher, Bus voucher and Big Bazaar voucher worth Rs.1,850 on orders above Rs.1849.",LARLG-SMART-80-ONLI81618613041033,32LM576BPTC,1 year manufacturer warranty for phone and 6 months for in the box accessories,Online Source Hub
2,https://paytmmall.com/shop/search?q=tv&from=organic&child_site_id=6&site_id=2&category=24843,https://paytmmall.com/yuwa-smart-140-cm-55-inch-4k-ultra-hd-led-tv-y-55-4k-CMPLXLARYUWA-140-CM-NITC4148365A3D3BC7-pdp?product_id=331366714&sid=3a80ebbc-7c54-4840-a2c5-184048026725&src=consumer_search&svc=-1&cid=24843&tracker=organic%7C%7Ctv%7Cgrid%7CSearch_experimentName%3Ddemographics_location%23NA%7C%7C3%7Cdemographics_location%23NA&get_review_id=331366716&site_id=2&child_site_id=6,Yuwa Smart 140 cm (55 inch) 4K (Ultra HD) LED TV - NTY-55,Null,Null,"35,349",94900,63%,INR,1850,MALLBONANZA,"User gets Movie voucher, Flight voucher, Paytm First voucher, Bus voucher and Big Bazaar voucher worth Rs.1,850 on orders above Rs.1849.",LARYUWA-140-CM-NITC4148365A3D3BC7,NTY-55,1 year manufacturer warranty for phone and 6 months for in the box accessories,Yuwa Authorised Seller
3,https://paytmmall.com/shop/search?q=tv&from=organic&child_site_id=6&site_id=2&category=24843,https://paytmmall.com/croma-smart-80-cm-32-inch-hd-ready-led-tv-rel7363-CMPLXLARCROMA-80-CM-INFI46128629AA80A-pdp?product_id=333067406&sid=3a80ebbc-7c54-4840-a2c5-184048026725&src=consumer_search&svc=-1&cid=24843&tracker=organic%7C%7Ctv%7Cgrid%7CSearch_experimentName%3Ddemographics_location%23NA%7C%7C4%7Cdemographics_location%23NA&get_review_id=333067408&site_id=2&child_site_id=6,Croma Smart 80 cm (32 inch) HD Ready LED TV - REL7363,3/5,2 Ratings,"16,490",25000,34%,INR,1850,MALLBONANZA,"User gets Movie voucher, Flight voucher, Paytm First voucher, Bus voucher and Big Bazaar voucher worth Rs.1,850 on orders above Rs.1849.",LARCROMA-80-CM-INFI46128629AA80A,REL7363,3 years manufacturer warranty,Croma Authorised Seller
4,https://paytmmall.com/shop/search?q=tv&from=organic&child_site_id=6&site_id=2&category=24843,https://paytmmall.com/iffalcon-smart-109-cm-43-inch-4k-ultra-hd-led-tv-43k61-CMPLXLARIFFALCON-BY-DUMM202563F21EAF-pdp?product_id=335204077&sid=3a80ebbc-7c54-4840-a2c5-184048026725&src=consumer_search&svc=-1&cid=24843&tracker=organic%7C%7Ctv%7Cgrid%7CSearch_experimentName%3Ddemographics_location%23NA%7C%7C5%7Cdemographics_location%23NA&get_review_id=335204363&site_id=2&child_site_id=6,IFFALCON Smart 109 cm (43 inch) 4K (Ultra HD) LED TV - 43K61,Null,Null,"27,990",47990,42%,INR,1850,MALLBONANZA,"User gets Movie voucher, Flight voucher, Paytm First voucher, Bus voucher and Big Bazaar voucher worth Rs.1,850 on orders above Rs.1849.",LARIFFALCON-SMAONLI816186D7618B4D,43K61,1 year manufacturer warranty,Online Source Hub
5,https://paytmmall.com/shop/search?q=tv&from=organic&child_site_id=6&site_id=2&category=24843,https://paytmmall.com/kevin-smart-100-cm-40-inch-hd-ready-led-tv-kn40sca-CMPLXLARKEVIN-100-CMDUMM2025644BF7007-pdp?product_id=335991997&sid=3a80ebbc-7c54-4840-a2c5-184048026725&src=consumer_search&svc=-1&cid=24843&tracker=organic%7C%7Ctv%7Cgrid%7CSearch_experimentName%3Ddemographics_location%23NA%7C%7C6%7Cdemographics_location%23NA&get_review_id=335991998&site_id=2&child_site_id=6,Kevin Smart 100 cm (40 inch) HD Ready LED TV - KN40SCA,Null,Null,"17,999",25999,31%,INR,1850,MALLBONANZA,"User gets Movie voucher, Flight voucher, Paytm First voucher, Bus voucher and Big Bazaar voucher worth Rs.1,850 on orders above Rs.1849.",LARKEVIN-100-CMBEST66254244BF7007,KN40SCA,1 year manufacturer warranty for phone and 6 months for in the box accessories,Beston Sky Vision
6,https://paytmmall.com/shop/search?q=tv&from=organic&child_site_id=6&site_id=2&category=24843,https://paytmmall.com/panasonic-100-cm-40-inch-th-40f200dx-full-hd-smart-led-tv-black-silver-CMPLXLARPANASONIC-10BRAN3184584410924-pdp?product_id=216504534&sid=3a80ebbc-7c54-4840-a2c5-184048026725&src=consumer_search&svc=-1&cid=24843&tracker=organic%7C%7Ctv%7Cgrid%7CSearch_experimentName%3Ddemographics_location%23NA%7C%7C7%7Cdemographics_location%23NA&get_review_id=201068663&site_id=2&child_site_id=6,Panasonic 101.6 cm (40 inch) Full HD LED TV - 40F200DX,4.2/5,30 Ratings & 2 Reviews,"18,990",47900,60%,INR,1850,MALLBONANZA,"User gets Movie voucher, Flight voucher, Paytm First voucher, Bus voucher and Big Bazaar voucher worth Rs.1,850 on orders above Rs.1849.",LARPANASONIC-10AALA92119713E82DE4,40F200DX,1 year manufacturer warranty,Aalap Electronics
7,https://paytmmall.com/shop/search?q=tv&from=organic&child_site_id=6&site_id=2&category=24843,https://paytmmall.com/samsung-80-cm-32-inch-ua32t4050arxxl-hd-smart-tv-CMPLXLARSAMSUNG-80-CS-C-7294058359D52E-pdp?product_id=336451559&sid=3a80ebbc-7c54-4840-a2c5-184048026725&src=consumer_search&svc=-1&cid=24843&tracker=organic%7C%7Ctv%7Cgrid%7CSearch_experimentName%3Ddemographics_location%23NA%7C%7C8%7Cdemographics_location%23NA&get_review_id=330834817&site_id=2&child_site_id=6,Samsung 80 cm (32 inch) UA32T4050ARXXL HD Smart TV,3.7/5,3 Ratings,"14,945",15900,6%,INR,1850,MALLBONANZA,"User gets Movie voucher, Flight voucher, Paytm First voucher, Bus voucher and Big Bazaar voucher worth Rs.1,850 on orders above Rs.1849.",LARSAMSUNG-80-CMOHA2315118359D52E,UA32T4050ARXXL,1 year manufacturer warranty,Mohanji Electronics
8,https://paytmmall.com/shop/search?q=tv&from=organic&child_site_id=6&site_id=2&category=24843,https://paytmmall.com/lg-81-28-cm-32-inch-32lk526bpta-led-smart-tv-CMPLXLARLG-81-28-CM-BRAN318457870B013-pdp?product_id=203549042&sid=3a80ebbc-7c54-4840-a2c5-184048026725&src=consumer_search&svc=-1&cid=24843&tracker=organic%7C%7Ctv%7Cgrid%7CSearch_experimentName%3Ddemographics_location%23NA%7C%7C9%7Cdemographics_location%23NA&get_review_id=199075152&site_id=2&child_site_id=6,LG 80 cm (32 inch) HD Ready LED TV - 32LK526BPTA,4.4/5,19 Ratings & 1 Reviews,"16,855",17990,6%,INR,1850,MALLBONANZA,"User gets Movie voucher, Flight voucher, Paytm First voucher, Bus voucher and Big Bazaar voucher worth Rs.1,850 on orders above Rs.1849.",LARLG-80-CM-32-SAHI27653762EEE955,32LK526BPTA,1 year manufacturer warranty for phone and 6 months for in the box accessories,Sahil Electronics
9,https://paytmmall.com/shop/search?q=tv&from=organic&child_site_id=6&site_id=2&category=24843,https://paytmmall.com/yuwa-smart-102-cm-40-inch-full-hd-led-tv-nty-40s-CMPLXLARYUWA-102-CM-NITC4148366B6759EE-pdp?product_id=331395110&sid=3a80ebbc-7c54-4840-a2c5-184048026725&src=consumer_search&svc=-1&cid=24843&tracker=organic%7C%7Ctv%7Cgrid%7CSearch_experimentName%3Ddemographics_location%23NA%7C%7C10%7Cdemographics_location%23NA&get_review_id=331395114&site_id=2&child_site_id=6,Yuwa Smart 102 cm (40 inch) Full HD LED TV - NTY-40S,Null,Null,"18,248",44900,59%,INR,1850,MALLBONANZA,"User gets Movie voucher, Flight voucher, Paytm First voucher, Bus voucher and Big Bazaar voucher worth Rs.1,850 on orders above Rs.1849.",LARYUWA-102-CM-NITC4148366B6759EE,NTY-40S,1 year manufacturer warranty,Yuwa Authorised Seller
10,https://paytmmall.com/shop/search?q=tv&from=organic&child_site_id=6&site_id=2&category=24843,https://paytmmall.com/yuwa-smart-81-28-cm-32-inch-full-hd-led-tv-nty-32s-CMPLXLARYUWA-81-28-CNITC414836A156B07C-pdp?product_id=331395102&sid=3a80ebbc-7c54-4840-a2c5-184048026725&src=consumer_search&svc=-1&cid=24843&tracker=organic%7C%7Ctv%7Cgrid%7CSearch_experimentName%3Ddemographics_location%23NA%7C%7C11%7Cdemographics_location%23NA&get_review_id=331395105&site_id=2&child_site_id=6,Yuwa Smart 81.28 cm (32 inch) Full HD LED TV - NTY-32S,Null,Null,"14,525",34490,58%,INR,1850,MALLBONANZA,"User gets Movie voucher, Flight voucher, Paytm First voucher, Bus voucher and Big Bazaar voucher worth Rs.1,850 on orders above Rs.1849.",LARYUWA-81-28-CNITC414836A156B07C,NTY-32S,1 year manufacturer warranty,Yuwa Authorised Seller
11,https://paytmmall.com/shop/search?q=tv&from=organic&child_site_id=6&site_id=2&category=24843,https://paytmmall.com/yuwa-81-28-cm-32-inch-full-hd-led-tv-nty-32n-CMPLXLARYUWA-81-28-CDUMM20256B6714785-pdp?product_id=331395101&sid=3a80ebbc-7c54-4840-a2c5-184048026725&src=consumer_search&svc=-1&cid=24843&tracker=organic%7C%7Ctv%7Cgrid%7CSearch_experimentName%3Ddemographics_location%23NA%7C%7C12%7Cdemographics_location%23NA&get_review_id=331395104&site_id=2&child_site_id=6,Yuwa 81.28 cm (32 inch) Full HD LED TV - NTY-32N,Null,Null,"12,906",22990,44%,INR,1850,MALLBONANZA,"User gets Movie voucher, Flight voucher, Paytm First voucher, Bus voucher and Big Bazaar voucher worth Rs.1,850 on orders above Rs.1849.",LARYUWA-81-28-CNITC414836B6714785,NTY-32N,1 year manufacturer warranty,Yuwa Authorised Seller
12,https://paytmmall.com/shop/search?q=tv&from=organic&child_site_id=6&site_id=2&category=24843,https://paytmmall.com/sony-80-cm-32-inch-hd-ready-led-tv-klv-32r202g-CMPLXLARSONY-BRAVIA-DUMM2025662855B4A-pdp?product_id=331831928&sid=3a80ebbc-7c54-4840-a2c5-184048026725&src=consumer_search&svc=-1&cid=24843&tracker=organic%7C%7Ctv%7Cgrid%7CSearch_experimentName%3Ddemographics_location%23NA%7C%7C13%7Cdemographics_location%23NA&get_review_id=331517920&site_id=2&child_site_id=6,Sony 80 cm (32 inch) HD Ready LED TV - KLV-32R202G,Null,Null,"15,990",19990,20%,INR,1850,MALLBONANZA,"User gets Movie voucher, Flight voucher, Paytm First voucher, Bus voucher and Big Bazaar voucher worth Rs.1,850 on orders above Rs.1849.",LARSONY-80-CM-3SMAR1035509A0BE21D5,KLV-32R202G,1 year manufacturer warranty,Smart Tech
13,https://paytmmall.com/shop/search?q=tv&from=organic&child_site_id=6&site_id=2&category=24843,https://paytmmall.com/hitachi-81-28-cm-32-inch-hd-ready-led-tv-ld32vr01h-CMPLXLARHITACHI-81-2DUMM2025655E9BB18-pdp?product_id=331361162&sid=3a80ebbc-7c54-4840-a2c5-184048026725&src=consumer_search&svc=-1&cid=24843&tracker=organic%7C%7Ctv%7Cgrid%7CSearch_experimentName%3Ddemographics_location%23NA%7C%7C14%7Cdemographics_location%23NA&get_review_id=331361163&site_id=2&child_site_id=6,Hitachi 81.28 cm (32 inch) HD Ready LED TV - LD32VR01H,Null,Null,"12,994",22000,41%,INR,1850,MALLBONANZA,"User gets Movie voucher, Flight voucher, Paytm First voucher, Bus voucher and Big Bazaar voucher worth Rs.1,850 on orders above Rs.1849.",LARHITACHI-81-2INFI4612855E9BB18,LD32VR01H,3 years manufacturer warranty,Infiniti Retail
14,https://paytmmall.com/shop/search?q=tv&from=organic&child_site_id=6&site_id=2&category=24843,https://paytmmall.com/panasonic-81-28-cm-32-inch-th-32f250dx-hd-ready-standard-led-tv-CMPLXLARPANASONIC-81DUMM20256910D0B38-pdp?product_id=335072603&sid=3a80ebbc-7c54-4840-a2c5-184048026725&src=consumer_search&svc=-1&cid=24843&tracker=organic%7C%7Ctv%7Cgrid%7CSearch_experimentName%3Ddemographics_location%23NA%7C%7C15%7Cdemographics_location%23NA&get_review_id=237100818&site_id=2&child_site_id=6,Panasonic 81.28 cm (32 inch) HD Ready LED TV - TH-32F250DX,Null,Null,"14,979",28900,48%,INR,Null,MALLBONANZA,"User gets Movie voucher, Flight voucher, Paytm First voucher, Bus voucher and Big Bazaar voucher worth Rs.1,850 on orders above Rs.1849.",LARPANASONIC-81SALE1081077FDBD7F6,TH-32F250DX,1 year manufacturer warranty for phone and 6 months for in the box accessories,Sales Good
15,https://paytmmall.com/shop/search?q=tv&from=organic&child_site_id=6&site_id=2&category=24843,https://paytmmall.com/daenyx-smart-80-cm-32-inch-hd-ready-led-tv-dl-3220nsm-CMPLXLARDAENYX-80-CMDAEN279057B4B36943-pdp?product_id=331784681&sid=3a80ebbc-7c54-4840-a2c5-184048026725&src=consumer_search&svc=-1&cid=24843&tracker=organic%7C%7Ctv%7Cgrid%7CSearch_experimentName%3Ddemographics_location%23NA%7C%7C17%7Cdemographics_location%23NA&get_review_id=331784683&site_id=2&child_site_id=6,DAENYX Smart 80 cm (32 inch) HD Ready LED TV - DL-3220NSM,Null,Null,"14,490",18690,22%,INR,1850,MALLBONANZA,"User gets Movie voucher, Flight voucher, Paytm First voucher, Bus voucher and Big Bazaar voucher worth Rs.1,850 on orders above Rs.1849.",LARDAENYX-80-CMDAEN279057B4B36943,DL-3220NSM,1 year manufacturer warranty for phone and 6 months for in the box accessories,DAENYX Authorised Seller
16,https://paytmmall.com/shop/search?q=tv&from=organic&child_site_id=6&site_id=2&category=24843,https://paytmmall.com/kevin-60-cm-24-inch-hd-ready-led-tv-kn24832-CMPLXLARKEVIN-60-CM-BEST6625421CE9E2BC-pdp?product_id=311702139&sid=3a80ebbc-7c54-4840-a2c5-184048026725&src=consumer_search&svc=-1&cid=24843&tracker=organic%7C%7Ctv%7Cgrid%7CSearch_experimentName%3Ddemographics_location%23NA%7C%7C18%7Cdemographics_location%23NA&get_review_id=311702142&site_id=2&child_site_id=6,Kevin 60 cm (24 inch) HD Ready LED TV - KN24832,Null,Null,"8,999",11000,18%,INR,1850,MALLBONANZA,"User gets Movie voucher, Flight voucher, Paytm First voucher, Bus voucher and Big Bazaar voucher worth Rs.1,850 on orders above Rs.1849.",LARKEVIN-60-CM-BEST6625421CE9E2BC,KN24832,1 year manufacturer warranty,Beston Sky Vision
17,https://paytmmall.com/shop/search?q=tv&from=organic&child_site_id=6&site_id=2&category=24843,https://paytmmall.com/samsung-108-cm-43-inch-ru7100-4k-ultra-hd-true-led-smart-tv-CMPLXLARSAMSUNG-108-DUMM20256A6762FEB-pdp?product_id=248602060&sid=3a80ebbc-7c54-4840-a2c5-184048026725&src=consumer_search&svc=-1&cid=24843&tracker=organic%7C%7Ctv%7Cgrid%7CSearch_experimentName%3Ddemographics_location%23NA%7C%7C19%7Cdemographics_location%23NA&get_review_id=248511167&site_id=2&child_site_id=6,Samsung Smart 108 cm (43 inch) 4K (Ultra HD) LED TV - RU7100,5/5,9 Ratings & 1 Reviews,"37,990",59900,37%,INR,1850,MALLBONANZA,"User gets Movie voucher, Flight voucher, Paytm First voucher, Bus voucher and Big Bazaar voucher worth Rs.1,850 on orders above Rs.1849.",LARSAMSUNG-108-DIGI556170A6762FEB,RU7100,1 year manufacturer warranty,Maha Cashback Sale
18,https://paytmmall.com/shop/search?q=tv&from=organic&child_site_id=6&site_id=2&category=24843,https://paytmmall.com/lg-60-cm-24-24lk454a-pt-standard-hd-led-tv-CMPLXLARLG-60-CM-24-BRAN31845C857E234-pdp?product_id=224831881&sid=3a80ebbc-7c54-4840-a2c5-184048026725&src=consumer_search&svc=-1&cid=24843&tracker=organic%7C%7Ctv%7Cgrid%7CSearch_experimentName%3Ddemographics_location%23NA%7C%7C20%7Cdemographics_location%23NA&get_review_id=192682785&site_id=2&child_site_id=6,LG 60 cm (24 inch) HD Ready LED TV - 24LK454A-PT,4.2/5,25 Ratings & 3 Reviews,"12,400",13490,8%,INR,1850,MALLBONANZA,"User gets Movie voucher, Flight voucher, Paytm First voucher, Bus voucher and Big Bazaar voucher worth Rs.1,850 on orders above Rs.1849.",LARLG-60-CM-24-SATL1019231F72CB6E1,24LK454A-PT,1 year manufacturer warranty,Satlej Enterprises
19,https://paytmmall.com/shop/search?q=tv&from=organic&child_site_id=6&site_id=2&category=24843,https://paytmmall.com/yuwa-102-cm-40-inch-full-hd-led-tv-nty-40n-CMPLXLARYUWA-102-CM-DUMM202563A1E8D3B-pdp?product_id=331395119&sid=3a80ebbc-7c54-4840-a2c5-184048026725&src=consumer_search&svc=-1&cid=24843&tracker=organic%7C%7Ctv%7Cgrid%7CSearch_experimentName%3Ddemographics_location%23NA%7C%7C21%7Cdemographics_location%23NA&get_review_id=331395120&site_id=2&child_site_id=6,Yuwa 102 cm (40 inch) Full HD LED TV - NTY-40N,Null,Null,"16,642",41990,60%,INR,1850,MALLBONANZA,"User gets Movie voucher, Flight voucher, Paytm First voucher, Bus voucher and Big Bazaar voucher worth Rs.1,850 on orders above Rs.1849.",LARYUWA-102-CM-NITC4148363A1E8D3B,NTY-40N,1 year manufacturer warranty,Yuwa Authorised Seller
20,https://paytmmall.com/shop/search?q=tv&from=organic&child_site_id=6&site_id=2&category=24843,https://paytmmall.com/vu-109-cm-43-smart-led-43su128-CMPLXLARVU-109-CM-43TASH319956EF036A01-pdp?product_id=203500978&sid=3a80ebbc-7c54-4840-a2c5-184048026725&src=consumer_search&svc=-1&cid=24843&tracker=organic%7C%7Ctv%7Cgrid%7CSearch_experimentName%3Ddemographics_location%23NA%7C%7C22%7Cdemographics_location%23NA&get_review_id=168115432&site_id=2&child_site_id=6,VU Smart 109.22 cm (43 inch) 4K (Ultra HD) LED TV - 43SU128,3.7/5,16 Ratings & 2 Reviews,"34,990",52000,33%,INR,1850,MALLBONANZA,"User gets Movie voucher, Flight voucher, Paytm First voucher, Bus voucher and Big Bazaar voucher worth Rs.1,850 on orders above Rs.1849.",LARVU-109-CM-43ONLI55617025D209B9,43SU128,1 year manufacturer warranty,Maha Cashback Sale
21,https://paytmmall.com/shop/search?q=tv&from=organic&child_site_id=6&site_id=2&category=24843,https://paytmmall.com/sony-smart-138-8-cm-55-inch-full-hd-led-tv-kd-55x7500h-CMPLXLARSONY-138-8-CDUMM20256DA5A98F-pdp?product_id=333181374&sid=3a80ebbc-7c54-4840-a2c5-184048026725&src=consumer_search&svc=-1&cid=24843&tracker=organic%7C%7Ctv%7Cgrid%7CSearch_experimentName%3Ddemographics_location%23NA%7C%7C23%7Cdemographics_location%23NA&get_review_id=331384006&site_id=2&child_site_id=6,Sony Smart 138.8 cm (55 inch) 4K (Ultra HD) LED TV - KD-55X7500H,4/5,1 Ratings & 1 Reviews,"71,990",94900,24%,INR,1850,MALLBONANZA,"User gets Movie voucher, Flight voucher, Paytm First voucher, Bus voucher and Big Bazaar voucher worth Rs.1,850 on orders above Rs.1849.",LARSONY-SMART-1SAHI27653757D32D39,KD-55X7500H,1 year manufacturer warranty,Maha Cashback Sale
22,https://paytmmall.com/shop/search?q=tv&from=organic&child_site_id=6&site_id=2&category=24843,https://paytmmall.com/lg-32lj573d-hd-led-tv-CMPLXLARLG-32LJ573D-FUTU452677CCA0E1-pdp?product_id=224238480&sid=3a80ebbc-7c54-4840-a2c5-184048026725&src=consumer_search&svc=-1&cid=24843&tracker=organic%7C24843%7Ctv%7Cgrid%7CSearch_experimentName%3Ddemographics_location%23NA%7C%7C24%7Cdemographics_location%23NA&get_review_id=128776518&site_id=2&child_site_id=6,LG Smart 81.28 cm (32 inch) HD Ready LED TV - 32LJ573D,4.5/5,88 Ratings & 7 Reviews,"20,746",30990,33%,INR,1850,MALLBONANZA,"User gets Movie voucher, Flight voucher, Paytm First voucher, Bus voucher and Big Bazaar voucher worth Rs.1,850 on orders above Rs.1849.",LARLG-80-CM-32-DIGI631503B12268AC,32LJ573D,1 year manufacturer warranty,Digi Mart
23,https://paytmmall.com/shop/search?q=tv&from=organic&child_site_id=6&site_id=2&category=24843,https://paytmmall.com/samsung-81-28-cm-32-inch-ua32n4010arxxl-hd-ready-led-tv-CMPLXLARSAMSUNG-81-2DUMM202567B9CB89A-pdp?product_id=246185089&sid=3a80ebbc-7c54-4840-a2c5-184048026725&src=consumer_search&svc=-1&cid=24843&tracker=organic%7C24843%7Ctv%7Cgrid%7CSearch_experimentName%3Ddemographics_location%23NA%7C%7C25%7Cdemographics_location%23NA&get_review_id=242022180&site_id=2&child_site_id=6,Samsung 81.28 cm (32 inch) HD Ready LED TV - UA32T4010ARXXL,4/5,6 Ratings & 1 Reviews,"15,299",21900,30%,INR,1850,MALLBONANZA,"User gets Movie voucher, Flight voucher, Paytm First voucher, Bus voucher and Big Bazaar voucher worth Rs.1,850 on orders above Rs.1849.",LARSAMSUNG-81-2DEAL786615490CCC18,UA32T4010ARXXL,1 year comprehensive and 1 year additional on panel,Deals Master
24,https://paytmmall.com/shop/search?q=tv&from=organic&child_site_id=6&site_id=2&category=24843,https://paytmmall.com/panasonic-147-32-cm-58-full-hd-standard-led-tv-th-58d300dx_off-CMPLXLARPANASONIC-14MALA6684609DEBB94D-pdp?product_id=72390003&sid=3a80ebbc-7c54-4840-a2c5-184048026725&src=consumer_search&svc=-1&cid=24843&tracker=organic%7C24843%7Ctv%7Cgrid%7CSearch_experimentName%3Ddemographics_location%23NA%7C%7C26%7Cdemographics_location%23NA&get_review_id=132588434&site_id=2&child_site_id=6,Panasonic 147 cm (58 inch) Full HD LED TV - TH-58D300DX,4.8/5,17 Ratings & 2 Reviews,"44,999",124900,64%,INR,1850,MALLBONANZA,"User gets Movie voucher, Flight voucher, Paytm First voucher, Bus voucher and Big Bazaar voucher worth Rs.1,850 on orders above Rs.1849.",LARPANASONIC-LESALE108107BD26624C,TH-58D300DX,1 year manufacturer warranty,Sales Good
25,https://paytmmall.com/shop/search?q=tv&from=organic&child_site_id=6&site_id=2&category=24843,https://paytmmall.com/vu-smart-126-cm-50-inch-4k-ultra-hd-led-tv-50ut-CMPLXLARVU-126CM-50-SUPE43934325E479F-pdp?product_id=333133628&sid=3a80ebbc-7c54-4840-a2c5-184048026725&src=consumer_search&svc=-1&cid=24843&tracker=organic%7C24843%7Ctv%7Cgrid%7CSearch_experimentName%3Ddemographics_location%23NA%7C%7C27%7Cdemographics_location%23NA&get_review_id=332188527&site_id=2&child_site_id=6,VU Smart 126 cm (50 inch) 4K (Ultra HD) LED TV - 50UT,3/5,2 Ratings,"41,999",60000,30%,INR,1850,MALLBONANZA,"User gets Movie voucher, Flight voucher, Paytm First voucher, Bus voucher and Big Bazaar voucher worth Rs.1,850 on orders above Rs.1849.",LARVU-SMART-126SAHI2765372E8CF444,50UT,1 year manufacturer warranty for phone and 6 months for in the box accessories,Noida Direct
26,https://paytmmall.com/shop/search?q=tv&from=organic&child_site_id=6&site_id=2&category=24843,https://paytmmall.com/panasonic-smart-108-cm-43-inch-full-hd-led-tv-th-43gs500dx-CMPLXLARPANASONIC-THAPPL212086B48E28D9-pdp?product_id=287414202&sid=3a80ebbc-7c54-4840-a2c5-184048026725&src=consumer_search&svc=-1&cid=24843&tracker=organic%7C24843%7Ctv%7Cgrid%7CSearch_experimentName%3Ddemographics_location%23NA%7C%7C29%7Cdemographics_location%23NA&get_review_id=281557161&site_id=2&child_site_id=6,Panasonic Smart 108 cm (43 inch) Full HD LED TV - TH-43GS500DX,Null,Null,"31,500",39900,21%,INR,1850,MALLBONANZA,"User gets Movie voucher, Flight voucher, Paytm First voucher, Bus voucher and Big Bazaar voucher worth Rs.1,850 on orders above Rs.1849.",LARPANASONIC-SMDOLL974317DE0BE79F,TH-43GS500DX,1 year manufacturer warranty,Dolly Electronics
27,https://paytmmall.com/shop/search?q=tv&from=organic&child_site_id=6&site_id=2&category=24843,https://paytmmall.com/samsung-40-inch-ua40n5000arxxl-full-hd-led-standard-tv-black-CMPLXLARSAMSUNG-40-IDUMM20256EE1BAAEB-pdp?product_id=213442626&sid=3a80ebbc-7c54-4840-a2c5-184048026725&src=consumer_search&svc=-1&cid=24843&tracker=organic%7C24843%7Ctv%7Cgrid%7CSearch_experimentName%3Ddemographics_location%23NA%7C%7C30%7Cdemographics_location%23NA&get_review_id=205096985&site_id=2&child_site_id=6,Samsung 101.6 cm (40 inch) Full HD LED TV - 40N5000,3.7/5,10 Ratings & 3 Reviews,"26,999",43900,38%,INR,1850,MALLBONANZA,"User gets Movie voucher, Flight voucher, Paytm First voucher, Bus voucher and Big Bazaar voucher worth Rs.1,850 on orders above Rs.1849.",LARSAMSUNG-40-ISAMS231511AA968D8E,40N5000,1 year manufacturer warranty for phone and 6 months for in the box accessories,Mohanji Electronics
28,https://paytmmall.com/shop/search?q=tv&from=organic&child_site_id=6&site_id=2&category=24843,https://paytmmall.com/sony-80-cm-32-inch-klv-32w622g-hd-ready-led-smart-tv-CMPLXLARSONY-80-CM-3DUMM20256D0815160-pdp?product_id=331831925&sid=3a80ebbc-7c54-4840-a2c5-184048026725&src=consumer_search&svc=-1&cid=24843&tracker=organic%7C24843%7Ctv%7Cgrid%7CSearch_experimentName%3Ddemographics_location%23NA%7C%7C31%7Cdemographics_location%23NA&get_review_id=246195674&site_id=2&child_site_id=6,Sony Smart 80 cm (32 inch) HD Ready LED TV - KLV-32W622G,4/5,14 Ratings & 3 Reviews,"23,990",32900,27%,INR,1850,MALLBONANZA,"User gets Movie voucher, Flight voucher, Paytm First voucher, Bus voucher and Big Bazaar voucher worth Rs.1,850 on orders above Rs.1849.",LARSONY-SMART-8SMAR103550943C6566D,KLV-32W622G,1 year manufacturer warranty,Smart Tech
29,https://paytmmall.com/shop/search?q=tv&from=organic&child_site_id=6&site_id=2&category=24843,https://paytmmall.com/sony-smart-106-cm-43-inch-4k-ultra-hd-lcd-tv-kd-43x8000h-CMPLXLARSONY-BRAVIA-ETAI35996F9A87669-pdp?product_id=333126375&sid=3a80ebbc-7c54-4840-a2c5-184048026725&src=consumer_search&svc=-1&cid=24843&tracker=organic%7C24843%7Ctv%7Cgrid%7CSearch_experimentName%3Ddemographics_location%23NA%7C%7C32%7Cdemographics_location%23NA&get_review_id=331472783&site_id=2&child_site_id=6,Sony Smart 106 cm (43 inch) 4K (Ultra HD) LCD TV - KD-43X8000H,Null,Null,"59,840",72990,18%,INR,1850,MALLBONANZA,"User gets Movie voucher, Flight voucher, Paytm First voucher, Bus voucher and Big Bazaar voucher worth Rs.1,850 on orders above Rs.1849.",LARSONY-SMART-1SAHI276537A83D2580,KD-43X8000H,1 year manufacturer warranty,Deepika Enterprises
30,https://paytmmall.com/shop/search?q=tv&from=organic&child_site_id=6&site_id=2&category=24843,https://paytmmall.com/samsung-80-cm-32-inch-hd-ready-led-tv-ua32t4010arxxl-CMPLXLARSAMSUNG-80CMDUMM20256B987401B-pdp?product_id=332519561&sid=cfacd84c-1d67-4570-952b-acf40785ca8c&src=consumer_search&svc=-1&cid=24843&tracker=organic%7C%7Ctv%7Cgrid%7CSearch_experimentName%3Ddemographics_location%23NA%7C%7C1%7Cdemographics_location%23NA&get_review_id=332519562&site_id=2&child_site_id=6,Samsung 80 cm (32 inch) HD Ready LED TV - UA32T4010ARXXL,3/5,1 Ratings,"14,799",14900,1%,INR,1850,MALLBONANZA,"User gets Movie voucher, Flight voucher, Paytm First voucher, Bus voucher and Big Bazaar voucher worth Rs.1,850 on orders above Rs.1849.",LARSAMSUNG-80-CFAIR23540D6B0C04,UA32T4010ARXXL,1 year manufacturer warranty,Fair Price Shop
31,https://paytmmall.com/shop/search?q=tv&from=organic&child_site_id=6&site_id=2&category=24843,https://paytmmall.com/lg-smart-109-cm-43-inch-4k-ultra-hd-led-tv-43un7300ptc-CMPLXLARLG-109-CM-43DUMM20256288A1E97-pdp?product_id=332933366&sid=cfacd84c-1d67-4570-952b-acf40785ca8c&src=consumer_search&svc=-1&cid=24843&tracker=organic%7C%7Ctv%7Cgrid%7CSearch_experimentName%3Ddemographics_location%23NA%7C%7C2%7Cdemographics_location%23NA&get_review_id=331595557&site_id=2&child_site_id=6,LG Smart 109 cm (43 inch) 4K (Ultra HD) LED TV - 43UN7300PTC,Null,Null,"42,699",54990,22%,INR,1850,MALLBONANZA,"User gets Movie voucher, Flight voucher, Paytm First voucher, Bus voucher and Big Bazaar voucher worth Rs.1,850 on orders above Rs.1849.",LARLG-SMART-109DEAL786615F4D67FD,43UN7300PTC,1 year manufacturer warranty,Deals Master
32,https://paytmmall.com/shop/search?q=tv&from=organic&child_site_id=6&site_id=2&category=24843,https://paytmmall.com/sony-108-cm-43-inch-klv-43w672g-full-hd-led-smart-tv-CMPLXLARSONY-108-CM-APPL2120866C991031-pdp?product_id=277527366&sid=cfacd84c-1d67-4570-952b-acf40785ca8c&src=consumer_search&svc=-1&cid=24843&tracker=organic%7C%7Ctv%7Cgrid%7CSearch_experimentName%3Ddemographics_location%23NA%7C%7C3%7Cdemographics_location%23NA&get_review_id=246195671&site_id=2&child_site_id=6,Sony Smart 108 cm (43 inch) Full HD LED TV - KLV-43W672G,3.9/5,14 Ratings & 3 Reviews,"39,990",51900,23%,INR,1850,MALLBONANZA,"User gets Movie voucher, Flight voucher, Paytm First voucher, Bus voucher and Big Bazaar voucher worth Rs.1,850 on orders above Rs.1849.",LARSONY-SMART-1E-RE1141541E2E3BA87,KLV-43W672G,1 year manufacturer warranty,Ecom Sales
33,https://paytmmall.com/shop/search?q=tv&from=organic&child_site_id=6&site_id=2&category=24843,https://paytmmall.com/yuwa-60-cm-24-inch-full-hd-led-tv-nty-24-CMPLXLARYUWA-60-CM-2DUMM2025650ED3ACC-pdp?product_id=331506618&sid=cfacd84c-1d67-4570-952b-acf40785ca8c&src=consumer_search&svc=-1&cid=24843&tracker=organic%7C%7Ctv%7Cgrid%7CSearch_experimentName%3Ddemographics_location%23NA%7C%7C4%7Cdemographics_location%23NA&get_review_id=331506619&site_id=2&child_site_id=6,Yuwa 60 cm (24 inch) Full HD LED TV - NTY-24,4/5,1 Ratings & 1 Reviews,"9,846",14990,34%,INR,1850,MALLBONANZA,"User gets Movie voucher, Flight voucher, Paytm First voucher, Bus voucher and Big Bazaar voucher worth Rs.1,850 on orders above Rs.1849.",LARYUWA-60-CM-2NITC41483650ED3ACC,NTY-24,1 year manufacturer warranty,Yuwa Authorised Seller
34,https://paytmmall.com/shop/search?q=tv&from=organic&child_site_id=6&site_id=2&category=24843,https://paytmmall.com/panasonic-60-cm-24-inches-th-24f201dx-hd-ready-hd-plus-led-standard-tv-black-CMPLXLARPANASONIC-60DUMM20256C25475C9-pdp?product_id=209486911&sid=cfacd84c-1d67-4570-952b-acf40785ca8c&src=consumer_search&svc=-1&cid=24843&tracker=organic%7C%7Ctv%7Cgrid%7CSearch_experimentName%3Ddemographics_location%23NA%7C%7C5%7Cdemographics_location%23NA&get_review_id=208751594&site_id=2&child_site_id=6,Panasonic 60.96 cm (24 inch) HD Ready LED TV - TH-24F201DX,4.4/5,9 Ratings,"12,500",15600,20%,INR,1850,MALLBONANZA,"User gets Movie voucher, Flight voucher, Paytm First voucher, Bus voucher and Big Bazaar voucher worth Rs.1,850 on orders above Rs.1849.",LARPANASONIC-60KATH977592C25475C9,TH-24F201DX,1 year manufacturer warranty,Kathuria Electronics
35,https://paytmmall.com/shop/search?q=tv&from=organic&child_site_id=6&site_id=2&category=24843,https://paytmmall.com/tcl-smart-81-cm-32-inch-full-hd-led-tv-32s65a-CMPLXLARTCL-81-CM-32NOID74113E496BFD1-pdp?product_id=332472978&sid=cfacd84c-1d67-4570-952b-acf40785ca8c&src=consumer_search&svc=-1&cid=24843&tracker=organic%7C%7Ctv%7Cgrid%7CSearch_experimentName%3Ddemographics_location%23NA%7C%7C6%7Cdemographics_location%23NA&get_review_id=332472980&site_id=2&child_site_id=6,TCL Smart 81 cm (32 inch) Full HD LED TV - 32S65A,Null,Null,"18,990",29990,37%,INR,1850,Null,"User gets Movie voucher, Flight voucher, Paytm First voucher, Bus voucher and Big Bazaar voucher worth Rs.1,850 on orders above Rs.1849.",LARTCL-81-CM-32NOID74113E496BFD1,32S65A,1 year manufacturer warranty,Noida Direct
36,https://paytmmall.com/shop/search?q=tv&from=organic&child_site_id=6&site_id=2&category=24843,https://paytmmall.com/croma-smart-100-cm-39-5-inch-full-hd-led-tv-crel7362n-CMPLXLARCROMA-100-CMINFI46128CD4557F5-pdp?product_id=333067394&sid=cfacd84c-1d67-4570-952b-acf40785ca8c&src=consumer_search&svc=-1&cid=24843&tracker=organic%7C%7Ctv%7Cgrid%7CSearch_experimentName%3Ddemographics_location%23NA%7C%7C7%7Cdemographics_location%23NA&get_review_id=333067398&site_id=2&child_site_id=6,Croma Smart 100 cm (39.5 inch) Full HD LED TV - CREL7362N,Null,Null,"21,994",35000,37%,INR,1850,MALLBONANZA,"User gets Movie voucher, Flight voucher, Paytm First voucher, Bus voucher and Big Bazaar voucher worth Rs.1,850 on orders above Rs.1849.",LARCROMA-100-CMINFI46128CD4557F5,CREL7362N,Null,Croma Authorised Seller
37,https://paytmmall.com/shop/search?q=tv&from=organic&child_site_id=6&site_id=2&category=24843,https://paytmmall.com/daenyx-smart-80-cm-32-inch-hd-ready-led-tv-dl-3220sm-CMPLXLARDAENYX-80-CMDUMM20256E66562E6-pdp?product_id=335523723&sid=cfacd84c-1d67-4570-952b-acf40785ca8c&src=consumer_search&svc=-1&cid=24843&tracker=organic%7C%7Ctv%7Cgrid%7CSearch_experimentName%3Ddemographics_location%23NA%7C%7C9%7Cdemographics_location%23NA&get_review_id=331784686&site_id=2&child_site_id=6,DAENYX Smart 80 cm (32 inch) HD Ready LED TV - DL-3220SM,Null,Null,"14,990",21190,29%,INR,1850,MALLBONANZA,"User gets Movie voucher, Flight voucher, Paytm First voucher, Bus voucher and Big Bazaar voucher worth Rs.1,850 on orders above Rs.1849.",LARDAENYX-SMARTONLI816186BBC34085,DL-3220SM,1 year manufacturer warranty,Online Source Hub
38,https://paytmmall.com/shop/search?q=tv&from=organic&child_site_id=6&site_id=2&category=24843,https://paytmmall.com/vu-smart-163-cm-65-inch-4k-ultra-hd-led-tv-65pm-CMPLXLARVU-163-CM-65DUMM202563FC588EF-pdp?product_id=335095257&sid=cfacd84c-1d67-4570-952b-acf40785ca8c&src=consumer_search&svc=-1&cid=24843&tracker=organic%7C%7Ctv%7Cgrid%7CSearch_experimentName%3Ddemographics_location%23NA%7C%7C10%7Cdemographics_location%23NA&get_review_id=335095276&site_id=2&child_site_id=6,VU Smart 163 cm (65 inch) 4K (Ultra HD) LED TV - 65PM,Null,Null,"65,990",90000,27%,INR,1850,MALLBONANZA,"User gets Movie voucher, Flight voucher, Paytm First voucher, Bus voucher and Big Bazaar voucher worth Rs.1,850 on orders above Rs.1849.",LARVU-SMART-163BEST57280883A04BD,65PM,1 year manufacturer warranty,Best Buy Sec
39,https://paytmmall.com/shop/search?q=tv&from=organic&child_site_id=6&site_id=2&category=24843,https://paytmmall.com/intex-124-cm-48-36-inch-full-hd-led-smart-tv-led-5001-fhd-smt-CMPLXLARINTEX-124-CMSTAU511590B77C83F0-pdp?product_id=280050128&sid=cfacd84c-1d67-4570-952b-acf40785ca8c&src=consumer_search&svc=-1&cid=24843&tracker=organic%7C%7Ctv%7Cgrid%7CSearch_experimentName%3Ddemographics_location%23NA%7C%7C11%7Cdemographics_location%23NA&get_review_id=93433160&site_id=2&child_site_id=6,INTEX Smart 124 cm (50 inch) Full HD LED TV - LED-5001 FHD SMT,Null,Null,"34,990",54990,36%,INR,1850,MALLBONANZA,"User gets Movie voucher, Flight voucher, Paytm First voucher, Bus voucher and Big Bazaar voucher worth Rs.1,850 on orders above Rs.1849.",LARINTEX-SMART-SHYA113698329D67C06,LED-5001 FHD SMT,1 year manufacturer warranty,Shyam Enterprises
40,https://paytmmall.com/shop/search?q=tv&from=organic&child_site_id=6&site_id=2&category=24843,https://paytmmall.com/samsung-80-cm-32-inch-ua32t4350akxxl-hd-smart-tv-CMPLXLARSAMSUNG-80-CS-C-7294053654EF9F-pdp?product_id=336454839&sid=cfacd84c-1d67-4570-952b-acf40785ca8c&src=consumer_search&svc=-1&cid=24843&tracker=organic%7C%7Ctv%7Cgrid%7CSearch_experimentName%3Ddemographics_location%23NA%7C%7C12%7Cdemographics_location%23NA&get_review_id=330834814&site_id=2&child_site_id=6,Samsung 80 cm (32 inch) UA32T4350AKXXL HD Smart TV,Null,Null,"18,399",19900,8%,INR,1850,MALLBONANZA,"User gets Movie voucher, Flight voucher, Paytm First voucher, Bus voucher and Big Bazaar voucher worth Rs.1,850 on orders above Rs.1849.",LARSAMSUNG-80-CMOHA2315113654EF9F,UA32T4350AKXXL,1 year manufacturer warranty,Mohanji Electronics
41,https://paytmmall.com/shop/search?q=tv&from=organic&child_site_id=6&site_id=2&category=24843,https://paytmmall.com/sony-smart-215-cm-85-inch-4k-ultra-hd-led-tv-kd-85x8000h-CMPLXLARSONY-BRAVIA-DUMM20256E506D01E-pdp?product_id=333126382&sid=cfacd84c-1d67-4570-952b-acf40785ca8c&src=consumer_search&svc=-1&cid=24843&tracker=organic%7C%7Ctv%7Cgrid%7CSearch_experimentName%3Ddemographics_location%23NA%7C%7C13%7Cdemographics_location%23NA&get_review_id=331740120&site_id=2&child_site_id=6,Sony Smart 215 cm (85 inch) 4K (Ultra HD) LED TV - KD-85X8000H,Null,Null,"4,79,990",699900,31%,INR,1850,MALLBONANZA,"User gets Movie voucher, Flight voucher, Paytm First voucher, Bus voucher and Big Bazaar voucher worth Rs.1,850 on orders above Rs.1849.",LARSONY-SMART-2DEEP1003775ED0FE90A,KD-85X8000H,Null,Deepika Enterprises
42,https://paytmmall.com/shop/search?q=tv&from=organic&child_site_id=6&site_id=2&category=24843,https://paytmmall.com/lg-smart-139-7-cm-55-inch-4k-ultra-hd-led-tv-55un7190pta-CMPLXLARLG-139-7-CM-DUMM20256DC078578-pdp?product_id=332519547&sid=cfacd84c-1d67-4570-952b-acf40785ca8c&src=consumer_search&svc=-1&cid=24843&tracker=organic%7C%7Ctv%7Cgrid%7CSearch_experimentName%3Ddemographics_location%23NA%7C%7C14%7Cdemographics_location%23NA&get_review_id=331595562&site_id=2&child_site_id=6,LG Smart 139.7 cm (55 inch) 4K (Ultra HD) LED TV - 55UN7190PTA,Null,Null,"59,990",84990,29%,INR,1850,MALLBONANZA,"User gets Movie voucher, Flight voucher, Paytm First voucher, Bus voucher and Big Bazaar voucher worth Rs.1,850 on orders above Rs.1849.",LARLG-SMART-139FAIR235405C8C67C0,55UN7190PTA,1 year manufacturer warranty,Fair Price Shop
43,https://paytmmall.com/shop/search?q=tv&from=organic&child_site_id=6&site_id=2&category=24843,https://paytmmall.com/panasonic-55-cm-22-inches-th-22f200dx-full-hd-led-standard-tv-black-CMPLXLARPANASONIC-55BRAN31845F2BE448F-pdp?product_id=209486905&sid=cfacd84c-1d67-4570-952b-acf40785ca8c&src=consumer_search&svc=-1&cid=24843&tracker=organic%7C%7Ctv%7Cgrid%7CSearch_experimentName%3Ddemographics_location%23NA%7C%7C15%7Cdemographics_location%23NA&get_review_id=208751592&site_id=2&child_site_id=6,Panasonic 55.88 cm (22 inch) Full HD LED TV - TH-22F200DX,2.2/5,5 Ratings & 2 Reviews,"11,500",13350,14%,INR,1850,MALLBONANZA,"User gets Movie voucher, Flight voucher, Paytm First voucher, Bus voucher and Big Bazaar voucher worth Rs.1,850 on orders above Rs.1849.",LARPANASONIC-55KATH977592F2BE448F,TH-22F200DX,1 year manufacturer warranty for phone and 6 months for in the box accessories,Kathuria Electronics
44,https://paytmmall.com/shop/search?q=tv&from=organic&child_site_id=6&site_id=2&category=24843,https://paytmmall.com/croma-smart-109-2-cm-43-inch-full-hd-led-tv-crel7361n-CMPLXLARCROMA-109-2-INFI461281848D8A0-pdp?product_id=333067400&sid=cfacd84c-1d67-4570-952b-acf40785ca8c&src=consumer_search&svc=-1&cid=24843&tracker=organic%7C%7Ctv%7Cgrid%7CSearch_experimentName%3Ddemographics_location%23NA%7C%7C16%7Cdemographics_location%23NA&get_review_id=333067402&site_id=2&child_site_id=6,Croma Smart 109.2 cm (43 inch) Full HD LED TV - CREL7361N,Null,Null,"28,994",40000,28%,INR,1850,MALLBONANZA,"User gets Movie voucher, Flight voucher, Paytm First voucher, Bus voucher and Big Bazaar voucher worth Rs.1,850 on orders above Rs.1849.",LARCROMA-109-2-INFI461281848D8A0,CREL7361N,Null,Croma Authorised Seller
45,https://paytmmall.com/shop/search?q=tv&from=organic&child_site_id=6&site_id=2&category=24843,https://paytmmall.com/daenyx-59-cm-24-inch-hd-ready-led-tv-dl-2420hd-CMPLXLARDAENYX-59-CMDUMM20256FEA96910-pdp?product_id=331784679&sid=cfacd84c-1d67-4570-952b-acf40785ca8c&src=consumer_search&svc=-1&cid=24843&tracker=organic%7C%7Ctv%7Cgrid%7CSearch_experimentName%3Ddemographics_location%23NA%7C%7C17%7Cdemographics_location%23NA&get_review_id=331784680&site_id=2&child_site_id=6,DAENYX 59 cm (24 inch) HD Ready LED TV - DL-2420HD,Null,Null,"9,490",11970,21%,INR,1850,MALLBONANZA,"User gets Movie voucher, Flight voucher, Paytm First voucher, Bus voucher and Big Bazaar voucher worth Rs.1,850 on orders above Rs.1849.",LARDAENYX-59-CMDAEN279057FEA96910,DL-2420HD,Null,DAENYX Authorised Seller
46,https://paytmmall.com/shop/search?q=tv&from=organic&child_site_id=6&site_id=2&category=24843,https://paytmmall.com/haier-smart-80-cm-31-49-inch-hd-ready-led-tv-le32k6600ga-CMPLXLARHAIER-80-CM-SUPE43934523ABB34-pdp?product_id=331393833&sid=cfacd84c-1d67-4570-952b-acf40785ca8c&src=consumer_search&svc=-1&cid=24843&tracker=organic%7C%7Ctv%7Cgrid%7CSearch_experimentName%3Ddemographics_location%23NA%7C%7C18%7Cdemographics_location%23NA&get_review_id=331393835&site_id=2&child_site_id=6,Haier Smart 80 cm (31.49 inch) HD Ready LED TV - LE32K6600GA,Null,Null,"18,580",31090,40%,INR,1850,MALLBONANZA,"User gets Movie voucher, Flight voucher, Paytm First voucher, Bus voucher and Big Bazaar voucher worth Rs.1,850 on orders above Rs.1849.",LARHAIER-80-CM-SUPE43934523ABB34,LE32K6600GA,1 year manufacturer warranty for phone and 6 months for in the box accessories,Home Shopper
47,https://paytmmall.com/shop/search?q=tv&from=organic&child_site_id=6&site_id=2&category=24843,https://paytmmall.com/samsung-smart-81-28-cm-32-inch-hd-ready-led-tv-ua32t4500akxxl-CMPLXLARSAMSUNG-81-2DUMM2025693EFD548-pdp?product_id=332606990&sid=cfacd84c-1d67-4570-952b-acf40785ca8c&src=consumer_search&svc=-1&cid=24843&tracker=organic%7C%7Ctv%7Cgrid%7CSearch_experimentName%3Ddemographics_location%23NA%7C%7C19%7Cdemographics_location%23NA&get_review_id=331361169&site_id=2&child_site_id=6,Samsung Smart 81.28 cm (32 inch) HD Ready LED TV - UA32T4500AKXXL,1/5,1 Ratings & 1 Reviews,"20,490",22900,11%,INR,1850,Null,"User gets Movie voucher, Flight voucher, Paytm First voucher, Bus voucher and Big Bazaar voucher worth Rs.1,850 on orders above Rs.1849.",LARSAMSUNG-SMARNOID74113804D3B17,UA32T4500AKXXL,Null,Noida Direct
48,https://paytmmall.com/shop/search?q=tv&from=organic&child_site_id=6&site_id=2&category=24843,https://paytmmall.com/lg-smart-80-cm-32-inch-hd-ready-led-tv-32lm636bptb-CMPLXLARLG-80-CM-32-APPL2120863286F18B-pdp?product_id=299001407&sid=cfacd84c-1d67-4570-952b-acf40785ca8c&src=consumer_search&svc=-1&cid=24843&tracker=organic%7C%7Ctv%7Cgrid%7CSearch_experimentName%3Ddemographics_location%23NA%7C%7C20%7Cdemographics_location%23NA&get_review_id=260290849&site_id=2&child_site_id=6,LG Smart 80 cm (32 inch) HD Ready LED TV - 32LM636BPTB,4.5/5,4 Ratings & 2 Reviews,"21,499",28990,26%,INR,1850,MALLBONANZA,"User gets Movie voucher, Flight voucher, Paytm First voucher, Bus voucher and Big Bazaar voucher worth Rs.1,850 on orders above Rs.1849.",LARLG-SMART-80-DEAL786615CA7896EE,32LM636BPTB,1 year manufacturer warranty,Deals Master
49,https://paytmmall.com/shop/search?q=tv&from=organic&child_site_id=6&site_id=2&category=24843,https://paytmmall.com/sony-81-28-cm-32-klv-32w672f-hd-hd-ready-led-tv-CMPLXLARSONY-81-28-CBRAN31845412C6A98-pdp?product_id=219113308&sid=d53eb1a1-94ce-4f22-9f22-31f9232f88e7&src=consumer_search&svc=-1&cid=24843&tracker=organic%7C24843%7Ctv%7Cgrid%7CSearch_experimentName%3Ddemographics_location%23NA%7C%7C21%7Cdemographics_location%23NA&get_review_id=170878120&site_id=2&child_site_id=6,Sony Smart 81.28 cm (32 inch) Full HD LED TV - KLV-32W672F,4.7/5,44 Ratings & 4 Reviews,"27,000",39900,32%,INR,1850,MALLBONANZA,"User gets Movie voucher, Flight voucher, Paytm First voucher, Bus voucher and Big Bazaar voucher worth Rs.1,850 on orders above Rs.1849.",LARSONY-81-28-CSMAR103550936A3D88D,KLV-32W672F,1 year manufacturer warranty for phone and 6 months for in the box accessories,Smart Tech
50,https://paytmmall.com/shop/search?q=tv&from=organic&child_site_id=6&site_id=2&category=24843,https://paytmmall.com/panasonic-71-12-cm-28-inch-th-28f200dx-hd-ready-led-tv-CMPLXLARPANASONIC-71BRAN318456EAA30F-pdp?product_id=217219770&sid=d53eb1a1-94ce-4f22-9f22-31f9232f88e7&src=consumer_search&svc=-1&cid=24843&tracker=organic%7C24843%7Ctv%7Cgrid%7CSearch_experimentName%3Ddemographics_location%23NA%7C%7C22%7Cdemographics_location%23NA&get_review_id=209337525&site_id=2&child_site_id=6,Panasonic 71.12 cm (28 inch) HD Ready LED TV - TH-28F200DX,4.7/5,26 Ratings & 2 Reviews,"15,500",20900,26%,INR,1850,MALLBONANZA,"User gets Movie voucher, Flight voucher, Paytm First voucher, Bus voucher and Big Bazaar voucher worth Rs.1,850 on orders above Rs.1849.",LARPANASONIC-71G-M-1025174B549C5BD,TH-28F200DX,1 year manufacturer warranty,Best Sellers
51,https://paytmmall.com/shop/search?q=tv&from=organic&child_site_id=6&site_id=2&category=24843,https://paytmmall.com/croma-smart-100-3-cm-39-5-inch-full-hd-led-tv-crel7362-CMPLXLARCROMA-100-3-INFI4612838C03976-pdp?product_id=331336653&sid=d53eb1a1-94ce-4f22-9f22-31f9232f88e7&src=consumer_search&svc=-1&cid=24843&tracker=organic%7C24843%7Ctv%7Cgrid%7CSearch_experimentName%3Ddemographics_location%23NA%7C%7C23%7Cdemographics_location%23NA&get_review_id=331336657&site_id=2&child_site_id=6,Croma Smart 100.3 cm (39.5 inch) Full HD LED TV - CREL7362,Null,Null,"23,994",35000,31%,INR,1850,MALLBONANZA,"User gets Movie voucher, Flight voucher, Paytm First voucher, Bus voucher and Big Bazaar voucher worth Rs.1,850 on orders above Rs.1849.",LARCROMA-100-3-INFI4612838C03976,CREL7362,3 years manufacturer warranty,Croma Authorised Seller
52,https://paytmmall.com/shop/search?q=tv&from=organic&child_site_id=6&site_id=2&category=24843,https://paytmmall.com/samsung-32-32n4100-hd-ready-hd-plus-led-tv-CMPLXLARSAMSUNG-32-3TOP-78664EA2DD84B-pdp?product_id=201541176&sid=d53eb1a1-94ce-4f22-9f22-31f9232f88e7&src=consumer_search&svc=-1&cid=24843&tracker=organic%7C24843%7Ctv%7Cgrid%7CSearch_experimentName%3Ddemographics_location%23NA%7C%7C24%7Cdemographics_location%23NA&get_review_id=189875891&site_id=2&child_site_id=6,Samsung 80 cm (32 inch) HD Ready LED TV - 32N4100,4.7/5,3 Ratings,"16,999",26900,37%,INR,1850,MALLBONANZA,"User gets Movie voucher, Flight voucher, Paytm First voucher, Bus voucher and Big Bazaar voucher worth Rs.1,850 on orders above Rs.1849.",LARSAMSUNG-81-2SAMS231511E744C4C,32N4100,Null,Mohanji Electronics
53,https://paytmmall.com/shop/search?q=tv&from=organic&child_site_id=6&site_id=2&category=24843,https://paytmmall.com/lg-24-inch-60-cm-hd-led-standard-tv-24lj470a-CMPLXLARLG-24-INCH-6BIG-58254699856BD-pdp?product_id=224308099&sid=d53eb1a1-94ce-4f22-9f22-31f9232f88e7&src=consumer_search&svc=-1&cid=24843&tracker=organic%7C24843%7Ctv%7Cgrid%7CSearch_experimentName%3Ddemographics_location%23NA%7C%7C25%7Cdemographics_location%23NA&get_review_id=122105181&site_id=2&child_site_id=6,LG 60.96 cm (24 inch) HD Ready LED TV - 24LJ470A,4.7/5,15 Ratings & 1 Reviews,"11,500",14490,21%,INR,1850,MALLBONANZA,Null,LARLG-60-CM-24-DIGI63150339A22C90,24LJ470A,Null,Digi Mart
54,https://paytmmall.com/shop/search?q=tv&from=organic&child_site_id=6&site_id=2&category=24843,https://paytmmall.com/sony-smart-108-cm-43-inch-full-hd-led-tv-kd-43x7500h-CMPLXLARSONY-108-CM-DUMM202564C85B85C-pdp?product_id=333126376&sid=d53eb1a1-94ce-4f22-9f22-31f9232f88e7&src=consumer_search&svc=-1&cid=24843&tracker=organic%7C24843%7Ctv%7Cgrid%7CSearch_experimentName%3Ddemographics_location%23NA%7C%7C26%7Cdemographics_location%23NA&get_review_id=331383995&site_id=2&child_site_id=6,Sony Smart 108 cm (43 inch) 4K (Ultra HD) LED TV - KD-43X7500H,Null,Null,"59,980",61900,11%,INR,1850,MALLBONANZA,"User gets Movie voucher, Flight voucher, Paytm First voucher, Bus voucher and Big Bazaar voucher worth Rs.1,850 on orders above Rs.1849.",LARSONY-SMART-1SAHI276537CB7CFC55,KD-43X7500H,1 year manufacturer warranty,Deepika Enterprises
55,https://paytmmall.com/shop/search?q=tv&from=organic&child_site_id=6&site_id=2&category=24843,https://paytmmall.com/panasonic-109-cm-43-inch-th-43fx600d-4k-ultra-hd-smart-led-tv-CMPLXLARPANASONIC-10DUMM20256DA220590-pdp?product_id=207390538&sid=d53eb1a1-94ce-4f22-9f22-31f9232f88e7&src=consumer_search&svc=-1&cid=24843&tracker=organic%7C24843%7Ctv%7Cgrid%7CSearch_experimentName%3Ddemographics_location%23NA%7C%7C27%7Cdemographics_location%23NA&get_review_id=206238115&site_id=2&child_site_id=6,Panasonic Smart 109.22 cm (43 inch) 4K (Ultra HD) LED TV - 4K ULTRA HD LED TV TH-43FX600D,5/5,5 Ratings,"39,550",79900,51%,INR,1850,Null,"User gets Movie voucher, Flight voucher, Paytm First voucher, Bus voucher and Big Bazaar voucher worth Rs.1,850 on orders above Rs.1849.",LARPANASONIC-10AALA9211974D3A8B1C,4K ULTRA HD LED TV TH-43FX600D,1 year manufacturer warranty,Aalap Electronics
56,https://paytmmall.com/shop/search?q=tv&from=organic&child_site_id=6&site_id=2&category=24843,https://paytmmall.com/samsung-smart-108-cm-43-inch-4k-ultra-hd-led-tv-ua43tu7200kxxl-CMPLXLARSAMSUNG-108-BAJA102418577644E54-pdp?product_id=332458798&sid=d53eb1a1-94ce-4f22-9f22-31f9232f88e7&src=consumer_search&svc=-1&cid=24843&tracker=organic%7C24843%7Ctv%7Cgrid%7CSearch_experimentName%3Ddemographics_location%23NA%7C%7C28%7Cdemographics_location%23NA&get_review_id=331535163&site_id=2&child_site_id=6,Samsung Smart 108 cm (43 inch) 4K (Ultra HD) LED TV - UA43TU7200KXXL,Null,Null,"42,400",48900,13%,INR,1850,MALLBONANZA,"User gets Movie voucher, Flight voucher, Paytm First voucher, Bus voucher and Big Bazaar voucher worth Rs.1,850 on orders above Rs.1849.",LARSAMSUNG-SMARANAN6791492449D485,UA43TU7200KXXL,1 year manufacturer warranty for phone and 6 months for in the box accessories,Anand Electroniks
57,https://paytmmall.com/shop/search?q=tv&from=organic&child_site_id=6&site_id=2&category=24843,https://paytmmall.com/sony-80-cm-32-inch-klv-32w672g-full-hd-led-smart-tv-CMPLXLARSONY-80-CM-3APPL2120868686507C-pdp?product_id=291351582&sid=d53eb1a1-94ce-4f22-9f22-31f9232f88e7&src=consumer_search&svc=-1&cid=24843&tracker=organic%7C24843%7Ctv%7Cgrid%7CSearch_experimentName%3Ddemographics_location%23NA%7C%7C29%7Cdemographics_location%23NA&get_review_id=246195670&site_id=2&child_site_id=6,Sony Smart 80 cm (32 inch) Full HD LED TV - KLV-32W672G,3.2/5,12 Ratings & 3 Reviews,"31,990",33990,6%,INR,1850,MALLBONANZA,"User gets Movie voucher, Flight voucher, Paytm First voucher, Bus voucher and Big Bazaar voucher worth Rs.1,850 on orders above Rs.1849.",LARSONY-SMART-8SMAR1035509AE833652,KLV-32W672G,1 year manufacturer warranty,Smart Tech
58,https://paytmmall.com/shop/search?q=tv&from=organic&child_site_id=6&site_id=2&category=24843,https://paytmmall.com/samsung-80-cm-32-inch-ua32t4700akxxl-hd-smart-tv-CMPLXLARSAMSUNG-80-CDUMM20256AAB34918-pdp?product_id=332606764&sid=d53eb1a1-94ce-4f22-9f22-31f9232f88e7&src=consumer_search&svc=-1&cid=24843&tracker=organic%7C24843%7Ctv%7Cgrid%7CSearch_experimentName%3Ddemographics_location%23NA%7C%7C30%7Cdemographics_location%23NA&get_review_id=330834863&site_id=2&child_site_id=6,Samsung 80 cm (32 inch) UA32T4700AKXXL HD Smart TV,Null,Null,"23,990",26899,11%,INR,1850,MALLBONANZA,"User gets Movie voucher, Flight voucher, Paytm First voucher, Bus voucher and Big Bazaar voucher worth Rs.1,850 on orders above Rs.1849.",LARSAMSUNG-80-CNOID74113E62AAB79,UA32T4700AKXXL,1 year manufacturer warranty,Noida Direct
59,https://paytmmall.com/shop/search?q=tv&from=organic&child_site_id=6&site_id=2&category=24843,https://paytmmall.com/sony-80-cm-32-klv-32r202f-hd-ready-standard-led-tv-CMPLXLARSONY-80-CM-3DUMM202568B61DA0D-pdp?product_id=217499023&sid=d53eb1a1-94ce-4f22-9f22-31f9232f88e7&src=consumer_search&svc=-1&cid=24843&tracker=organic%7C24843%7Ctv%7Cgrid%7CSearch_experimentName%3Ddemographics_location%23NA%7C%7C31%7Cdemographics_location%23NA&get_review_id=179827069&site_id=2&child_site_id=6,Sony 81.3 cm (32 inch) HD Ready LED TV - KLV-32R202F,4.2/5,36 Ratings & 2 Reviews,"18,000",25900,31%,INR,1850,MALLBONANZA,"User gets Movie voucher, Flight voucher, Paytm First voucher, Bus voucher and Big Bazaar voucher worth Rs.1,850 on orders above Rs.1849.",LARSONY-81-3-CMSMAR10355098DB77DF3,KLV-32R202F,1 year manufacturer warranty,Smart Tech
60,https://paytmmall.com/shop/search?q=tv&from=organic&child_site_id=6&site_id=2&category=24843,https://paytmmall.com/samsung-32-32n4300-hd-ready-hd-plus-led-tv-CMPLXLARSAMSUNG-32-3TOP-78664BC61C58-pdp?product_id=201541209&sid=d53eb1a1-94ce-4f22-9f22-31f9232f88e7&src=consumer_search&svc=-1&cid=24843&tracker=organic%7C24843%7Ctv%7Cgrid%7CSearch_experimentName%3Ddemographics_location%23NA%7C%7C32%7Cdemographics_location%23NA&get_review_id=189875887&site_id=2&child_site_id=6,Samsung 80 cm (32 inch) HD Ready LED TV - UA32N4300ARLXL,3.6/5,12 Ratings & 2 Reviews,"19,900",30900,36%,INR,1850,MALLBONANZA,"User gets Movie voucher, Flight voucher, Paytm First voucher, Bus voucher and Big Bazaar voucher worth Rs.1,850 on orders above Rs.1849.",LARSAMSUNG-81-2SAMS2315115DB3EDA6,UA32N4300ARLXL,1 year manufacturer warranty,Mohanji Electronics
